payment_id,recipient_name,recipient_iban,amount,currency,payment_reference
100291,Recipient 100291,DE00000000000000100291,322.98,EUR,Invoice 100291
100607,Recipient 100607,DE00000000000000100607,832.19,USD,Invoice 100607
100267,Recipient 100267,DE00000000000000100267,564.40,EUR,Invoice 100267
100926,Recipient 100926,DE00000000000000100926,47138.19,USD,Invoice 100926
100163,Recipient 100163,DE00000000000000100163,925.83,EUR,Invoice 100163
100595,Recipient 100595,DE00000000000000100595,497.88,USD,Invoice 100595
100647,Recipient 100647,DE00000000000000100647,558.40,USD,Invoice 100647
100115,Recipient 100115,DE00000000000000100115,51.09,USD,Invoice 100115
100589,Recipient 100589,DE00000000000000100589,46.37,USD,Invoice 100589
100132,Recipient 100132,DE00000000000000100132,933.32,EUR,Invoice 100132
100159,Recipient 100159,DE00000000000000100159,899.02,EUR,Invoice 100159
100104,Recipient 100104,DE00000000000000100104,969.02,EUR,Invoice 100104
100286,Recipient 100286,DE00000000000000100286,635.94,USD,Invoice 100286
100625,Recipient 100625,DE00000000000000100625,469.45,USD,Invoice 100625
100243,Recipient 100243,DE00000000000000100243,853.59,USD,Invoice 100243
100516,Recipient 100516,DE00000000000000100516,788.85,EUR,Invoice 100516
100502,Recipient 100502,DE00000000000000100502,950.60,USD,Invoice 100502
100097,Recipient 100097,DE00000000000000100097,800.78,EUR,Invoice 100097
100476,Recipient 100476,DE00000000000000100476,962.92,EUR,Invoice 100476
100699,Recipient 100699,DE00000000000000100699,449.15,EUR,Invoice 100699
100261,Recipient 100261,DE00000000000000100261,225.00,EUR,Invoice 100261
100590,Recipient 100590,DE00000000000000100590,984.45,EUR,Invoice 100590
100468,Recipient 100468,DE00000000000000100468,747.73,EUR,Invoice 100468
100358,Recipient 100358,DE00000000000000100358,688.98,USD,Invoice 100358
100592,Recipient 100592,DE00000000000000100592,945.37,EUR,Invoice 100592
100021,Recipient 100021,DE00000000000000100021,829.57,USD,Invoice 100021
100183,Recipient 100183,DE00000000000000100183,346.34,USD,Invoice 100183
100452,Recipient 100452,DE00000000000000100452,107.55,USD,Invoice 100452
100979,Recipient 100979,,776.45,EUR,Missing iban 100979
100103,Recipient 100103,DE00000000000000100103,51.54,EUR,Invoice 100103
100894,Recipient 100894,DE00000000000000100894,32419.50,USD,Invoice 100894
100470,Recipient 100470,DE00000000000000100470,531.32,USD,Invoice 100470
100107,Recipient 100107,DE00000000000000100107,902.53,EUR,Invoice 100107
100616,Recipient 100616,DE00000000000000100616,351.75,EUR,Invoice 100616
100772,Recipient 100772,DE00000000000000100772,9967.28,USD,Invoice 100772
100187,Recipient 100187,DE00000000000000100187,2.69,EUR,Invoice 100187
100169,Recipient 100169,DE00000000000000100169,267.54,EUR,Invoice 100169
100587,Recipient 100587,DE00000000000000100587,283.96,USD,Invoice 100587
100880,Recipient 100880,DE00000000000000100880,8855.35,EUR,Invoice 100880
100995,Recipient 100995,DE00000000000000100995,1509.52,GBP,Invalid currency 100995
100479,Recipient 100479,DE00000000000000100479,967.29,USD,Invoice 100479
100878,Recipient 100878,DE00000000000000100878,4716.64,EUR,Invoice 100878
100993,Recipient 100993,DE00000000000000100993,2989.99,XXX,Invalid currency 100993
100918,Recipient 100918,DE00000000000000100918,46529.19,EUR,Invoice 100918
100124,Recipient 100124,DE00000000000000100124,934.76,EUR,Invoice 100124
100605,Recipient 100605,DE00000000000000100605,21.84,USD,Invoice 100605
100802,Recipient 100802,DE00000000000000100802,4114.20,USD,Invoice 100802
100668,Recipient 100668,DE00000000000000100668,721.45,EUR,Invoice 100668
100872,Recipient 100872,DE00000000000000100872,7492.59,USD,Invoice 100872
100544,Recipient 100544,DE00000000000000100544,852.93,EUR,Invoice 100544
100901,Recipient 100901,DE00000000000000100901,36238.88,USD,Invoice 100901
100063,Recipient 100063,DE00000000000000100063,841.82,EUR,Invoice 100063
100091,Recipient 100091,DE00000000000000100091,807.68,EUR,Invoice 100091
100126,Recipient 100126,DE00000000000000100126,239.44,USD,Invoice 100126
100057,Recipient 100057,DE00000000000000100057,112.44,USD,Invoice 100057
100270,Recipient 100270,DE00000000000000100270,606.28,EUR,Invoice 100270
100504,Recipient 100504,DE00000000000000100504,544.92,USD,Invoice 100504
100348,Recipient 100348,DE00000000000000100348,288.81,USD,Invoice 100348
100004,Recipient 100004,DE00000000000000100004,677.02,EUR,Invoice 100004
100160,Recipient 100160,DE00000000000000100160,682.38,EUR,Invoice 100160
100367,Recipient 100367,DE00000000000000100367,916.15,EUR,Invoice 100367
100030,Recipient 100030,DE00000000000000100030,702.11,EUR,Invoice 100030
100257,Recipient 100257,DE00000000000000100257,278.98,USD,Invoice 100257
100074,Recipient 100074,DE00000000000000100074,946.89,EUR,Invoice 100074
100256,Recipient 100256,DE00000000000000100256,761.46,USD,Invoice 100256
100373,Recipient 100373,DE00000000000000100373,857.87,USD,Invoice 100373
100480,Recipient 100480,DE00000000000000100480,91.21,USD,Invoice 100480
100130,Recipient 100130,DE00000000000000100130,74.19,EUR,Invoice 100130
100156,Recipient 100156,DE00000000000000100156,582.92,EUR,Invoice 100156
100766,Recipient 100766,DE00000000000000100766,3246.50,EUR,Invoice 100766
100134,Recipient 100134,DE00000000000000100134,285.70,USD,Invoice 100134
100849,Recipient 100849,DE00000000000000100849,4262.71,USD,Invoice 100849
100042,Recipient 100042,DE00000000000000100042,143.73,EUR,Invoice 100042
100084,Recipient 100084,DE00000000000000100084,71.92,EUR,Invoice 100084
100465,Recipient 100465,DE00000000000000100465,34.33,USD,Invoice 100465
100998,Recipient 100998,DE00000000000000100998,1376.49,XXX,Invalid currency 100998
100066,Recipient 100066,DE00000000000000100066,599.34,USD,Invoice 100066
100080,Recipient 100080,DE00000000000000100080,121.88,EUR,Invoice 100080
100040,Recipient 100040,DE00000000000000100040,213.41,USD,Invoice 100040
100305,Recipient 100305,DE00000000000000100305,448.72,EUR,Invoice 100305
100371,Recipient 100371,DE00000000000000100371,348.61,USD,Invoice 100371
100402,Recipient 100402,DE00000000000000100402,340.53,USD,Invoice 100402
100528,Recipient 100528,DE00000000000000100528,513.72,EUR,Invoice 100528
100955,Recipient 100955,DE00000000000000100955,-680.61,EUR,Invalid amount 100955
100413,Recipient 100413,DE00000000000000100413,705.52,USD,Invoice 100413
100840,Recipient 100840,DE00000000000000100840,6250.09,EUR,Invoice 100840
100539,Recipient 100539,DE00000000000000100539,66.62,USD,Invoice 100539
100689,Recipient 100689,DE00000000000000100689,930.53,USD,Invoice 100689
100484,Recipient 100484,DE00000000000000100484,109.24,EUR,Invoice 100484
100486,Recipient 100486,DE00000000000000100486,915.33,EUR,Invoice 100486
101000,Recipient 101000,DE00000000000000101000,4557.98,XXX,Invalid currency 101000
100147,Recipient 100147,DE00000000000000100147,93.21,USD,Invoice 100147
100482,Recipient 100482,DE00000000000000100482,455.33,USD,Invoice 100482
100221,Recipient 100221,DE00000000000000100221,667.90,USD,Invoice 100221
100051,Recipient 100051,DE00000000000000100051,596.81,USD,Invoice 100051
100008,Recipient 100008,DE00000000000000100008,561.68,USD,Invoice 100008
100664,Recipient 100664,DE00000000000000100664,508.18,EUR,Invoice 100664
100379,Recipient 100379,DE00000000000000100379,970.20,USD,Invoice 100379
100575,Recipient 100575,DE00000000000000100575,376.81,USD,Invoice 100575
100120,Recipient 100120,DE00000000000000100120,404.37,EUR,Invoice 100120
100009,Recipient 100009,DE00000000000000100009,221.22,USD,Invoice 100009
100300,Recipient 100300,DE00000000000000100300,280.38,USD,Invoice 100300
100260,Recipient 100260,DE00000000000000100260,999.90,USD,Invoice 100260
100875,Recipient 100875,DE00000000000000100875,1284.13,EUR,Invoice 100875
100129,Recipient 100129,DE00000000000000100129,10.31,EUR,Invoice 100129
100529,Recipient 100529,DE00000000000000100529,452.55,EUR,Invoice 100529
100643,Recipient 100643,DE00000000000000100643,388.03,USD,Invoice 100643
100527,Recipient 100527,DE00000000000000100527,476.76,USD,Invoice 100527
100912,Recipient 100912,DE00000000000000100912,29097.94,EUR,Invoice 100912
100297,Recipient 100297,DE00000000000000100297,851.09,EUR,Invoice 100297
100893,Recipient 100893,DE00000000000000100893,22681.63,USD,Invoice 100893
100054,Recipient 100054,DE00000000000000100054,680.60,EUR,Invoice 100054
100968,Recipient 100968,,1872.93,USD,Missing iban 100968
100883,Recipient 100883,DE00000000000000100883,31019.09,USD,Invoice 100883
100111,Recipient 100111,DE00000000000000100111,155.64,USD,Invoice 100111
100509,Recipient 100509,DE00000000000000100509,642.06,EUR,Invoice 100509
100593,Recipient 100593,DE00000000000000100593,764.39,USD,Invoice 100593
100934,Recipient 100934,DE00000000000000100934,41630.71,EUR,Invoice 100934
100881,Recipient 100881,DE00000000000000100881,38231.01,EUR,Invoice 100881
100436,Recipient 100436,DE00000000000000100436,431.25,EUR,Invoice 100436
100641,Recipient 100641,DE00000000000000100641,990.99,EUR,Invoice 100641
100574,Recipient 100574,DE00000000000000100574,92.67,EUR,Invoice 100574
100754,Recipient 100754,DE00000000000000100754,1675.37,USD,Invoice 100754
100885,Recipient 100885,DE00000000000000100885,46484.97,USD,Invoice 100885
100483,Recipient 100483,DE00000000000000100483,584.97,USD,Invoice 100483
100552,Recipient 100552,DE00000000000000100552,94.14,EUR,Invoice 100552
100956,Recipient 100956,DE00000000000000100956,-898.99,EUR,Invalid amount 100956
100029,Recipient 100029,DE00000000000000100029,210.30,USD,Invoice 100029
100761,Recipient 100761,DE00000000000000100761,6445.85,USD,Invoice 100761
100372,Recipient 100372,DE00000000000000100372,321.73,EUR,Invoice 100372
100814,Recipient 100814,DE00000000000000100814,6562.97,EUR,Invoice 100814
100245,Recipient 100245,DE00000000000000100245,488.74,USD,Invoice 100245
100558,Recipient 100558,DE00000000000000100558,868.22,EUR,Invoice 100558
100655,Recipient 100655,DE00000000000000100655,813.36,EUR,Invoice 100655
100298,Recipient 100298,DE00000000000000100298,488.06,USD,Invoice 100298
100131,Recipient 100131,DE00000000000000100131,506.37,EUR,Invoice 100131
100920,Recipient 100920,DE00000000000000100920,47356.90,EUR,Invoice 100920
100494,Recipient 100494,DE00000000000000100494,389.25,USD,Invoice 100494
100611,Recipient 100611,DE00000000000000100611,870.65,USD,Invoice 100611
100603,Recipient 100603,DE00000000000000100603,709.78,USD,Invoice 100603
100388,Recipient 100388,DE00000000000000100388,122.30,EUR,Invoice 100388
100396,Recipient 100396,DE00000000000000100396,416.07,USD,Invoice 100396
100240,Recipient 100240,DE00000000000000100240,856.87,USD,Invoice 100240
100615,Recipient 100615,DE00000000000000100615,906.01,USD,Invoice 100615
100064,Recipient 100064,DE00000000000000100064,153.68,EUR,Invoice 100064
100906,Recipient 100906,DE00000000000000100906,35517.78,EUR,Invoice 100906
100778,Recipient 100778,DE00000000000000100778,7010.55,EUR,Invoice 100778
100873,Recipient 100873,DE00000000000000100873,2534.61,USD,Invoice 100873
100382,Recipient 100382,DE00000000000000100382,413.83,EUR,Invoice 100382
100266,Recipient 100266,DE00000000000000100266,127.09,EUR,Invoice 100266
100151,Recipient 100151,DE00000000000000100151,162.42,USD,Invoice 100151
100242,Recipient 100242,DE00000000000000100242,299.31,USD,Invoice 100242
100628,Recipient 100628,DE00000000000000100628,311.09,USD,Invoice 100628
100563,Recipient 100563,DE00000000000000100563,350.76,USD,Invoice 100563
100899,Recipient 100899,DE00000000000000100899,48212.55,EUR,Invoice 100899
100493,Recipient 100493,DE00000000000000100493,887.36,EUR,Invoice 100493
100856,Recipient 100856,DE00000000000000100856,7794.68,EUR,Invoice 100856
100561,Recipient 100561,DE00000000000000100561,155.57,USD,Invoice 100561
100757,Recipient 100757,DE00000000000000100757,8638.02,USD,Invoice 100757
100507,Recipient 100507,DE00000000000000100507,949.05,USD,Invoice 100507
100908,Recipient 100908,DE00000000000000100908,38694.32,EUR,Invoice 100908
100978,Recipient 100978,,1238.31,USD,Missing iban 100978
100241,Recipient 100241,DE00000000000000100241,477.50,USD,Invoice 100241
100216,Recipient 100216,DE00000000000000100216,778.63,EUR,Invoice 100216
100489,Recipient 100489,DE00000000000000100489,649.58,EUR,Invoice 100489
100684,Recipient 100684,DE00000000000000100684,285.78,EUR,Invoice 100684
100145,Recipient 100145,DE00000000000000100145,505.90,USD,Invoice 100145
100835,Recipient 100835,DE00000000000000100835,5484.38,USD,Invoice 100835
100794,Recipient 100794,DE00000000000000100794,6781.04,USD,Invoice 100794
100037,Recipient 100037,DE00000000000000100037,805.23,USD,Invoice 100037
100289,Recipient 100289,DE00000000000000100289,616.29,USD,Invoice 100289
100585,Recipient 100585,DE00000000000000100585,755.18,EUR,Invoice 100585
100745,Recipient 100745,DE00000000000000100745,5909.26,USD,Invoice 100745
100036,Recipient 100036,DE00000000000000100036,229.82,EUR,Invoice 100036
100735,Recipient 100735,DE00000000000000100735,3575.00,EUR,Invoice 100735
100474,Recipient 100474,DE00000000000000100474,746.81,USD,Invoice 100474
100708,Recipient 100708,DE00000000000000100708,6370.65,EUR,Invoice 100708
100190,Recipient 100190,DE00000000000000100190,623.53,EUR,Invoice 100190
100648,Recipient 100648,DE00000000000000100648,284.86,EUR,Invoice 100648
100838,Recipient 100838,DE00000000000000100838,9507.09,USD,Invoice 100838
100787,Recipient 100787,DE00000000000000100787,5206.65,EUR,Invoice 100787
100342,Recipient 100342,DE00000000000000100342,625.88,USD,Invoice 100342
100019,Recipient 100019,DE00000000000000100019,973.13,USD,Invoice 100019
100732,Recipient 100732,DE00000000000000100732,9400.33,USD,Invoice 100732
100198,Recipient 100198,DE00000000000000100198,406.67,EUR,Invoice 100198
100178,Recipient 100178,DE00000000000000100178,679.83,USD,Invoice 100178
100263,Recipient 100263,DE00000000000000100263,754.47,EUR,Invoice 100263
100636,Recipient 100636,DE00000000000000100636,501.86,EUR,Invoice 100636
100414,Recipient 100414,DE00000000000000100414,386.69,EUR,Invoice 100414
100393,Recipient 100393,DE00000000000000100393,648.06,EUR,Invoice 100393
100724,Recipient 100724,DE00000000000000100724,5914.12,EUR,Invoice 100724
100459,Recipient 100459,DE00000000000000100459,775.96,EUR,Invoice 100459
100114,Recipient 100114,DE00000000000000100114,748.22,EUR,Invoice 100114
100366,Recipient 100366,DE00000000000000100366,471.03,USD,Invoice 100366
100133,Recipient 100133,DE00000000000000100133,879.38,USD,Invoice 100133
100999,Recipient 100999,DE00000000000000100999,4742.65,XXX,Invalid currency 100999
100152,Recipient 100152,DE00000000000000100152,552.12,USD,Invoice 100152
100281,Recipient 100281,DE00000000000000100281,661.85,EUR,Invoice 100281
100020,Recipient 100020,DE00000000000000100020,79.72,USD,Invoice 100020
100687,Recipient 100687,DE00000000000000100687,946.46,EUR,Invoice 100687
100705,Recipient 100705,DE00000000000000100705,1429.74,USD,Invoice 100705
100931,Recipient 100931,DE00000000000000100931,23227.36,USD,Invoice 100931
100025,Recipient 100025,DE00000000000000100025,855.45,EUR,Invoice 100025
100521,Recipient 100521,DE00000000000000100521,132.67,USD,Invoice 100521
100533,Recipient 100533,DE00000000000000100533,61.76,USD,Invoice 100533
100928,Recipient 100928,DE00000000000000100928,45570.40,EUR,Invoice 100928
100269,Recipient 100269,DE00000000000000100269,767.12,EUR,Invoice 100269
100598,Recipient 100598,DE00000000000000100598,500.76,USD,Invoice 100598
100194,Recipient 100194,DE00000000000000100194,554.85,EUR,Invoice 100194
100310,Recipient 100310,DE00000000000000100310,426.07,USD,Invoice 100310
100186,Recipient 100186,DE00000000000000100186,255.47,USD,Invoice 100186
100614,Recipient 100614,DE00000000000000100614,531.07,EUR,Invoice 100614
100717,Recipient 100717,DE00000000000000100717,1391.81,USD,Invoice 100717
100464,Recipient 100464,DE00000000000000100464,309.62,USD,Invoice 100464
100014,Recipient 100014,DE00000000000000100014,957.25,USD,Invoice 100014
100360,Recipient 100360,DE00000000000000100360,438.32,EUR,Invoice 100360
100230,Recipient 100230,DE00000000000000100230,440.43,USD,Invoice 100230
100804,Recipient 100804,DE00000000000000100804,2766.72,USD,Invoice 100804
100775,Recipient 100775,DE00000000000000100775,8675.43,USD,Invoice 100775
100916,Recipient 100916,DE00000000000000100916,36091.95,EUR,Invoice 100916
100293,Recipient 100293,DE00000000000000100293,279.65,USD,Invoice 100293
100093,Recipient 100093,DE00000000000000100093,354.94,USD,Invoice 100093
100272,Recipient 100272,DE00000000000000100272,964.75,EUR,Invoice 100272
100024,Recipient 100024,DE00000000000000100024,773.29,EUR,Invoice 100024
100669,Recipient 100669,DE00000000000000100669,411.44,EUR,Invoice 100669
100324,Recipient 100324,DE00000000000000100324,103.48,EUR,Invoice 100324
100818,Recipient 100818,DE00000000000000100818,3676.90,EUR,Invoice 100818
100239,Recipient 100239,DE00000000000000100239,390.08,EUR,Invoice 100239
100734,Recipient 100734,DE00000000000000100734,3279.82,EUR,Invoice 100734
100830,Recipient 100830,DE00000000000000100830,1455.45,USD,Invoice 100830
100336,Recipient 100336,DE00000000000000100336,775.91,USD,Invoice 100336
100729,Recipient 100729,DE00000000000000100729,1332.85,EUR,Invoice 100729
100177,Recipient 100177,DE00000000000000100177,351.79,USD,Invoice 100177
100052,Recipient 100052,DE00000000000000100052,382.23,USD,Invoice 100052
100631,Recipient 100631,DE00000000000000100631,645.02,EUR,Invoice 100631
100001,Recipient 100001,DE00000000000000100001,639.78,EUR,Invoice 100001
100718,Recipient 100718,DE00000000000000100718,9829.34,USD,Invoice 100718
100506,Recipient 100506,DE00000000000000100506,190.62,EUR,Invoice 100506
100938,Recipient 100938,DE00000000000000100938,17391.25,EUR,Invoice 100938
100660,Recipient 100660,DE00000000000000100660,947.71,USD,Invoice 100660
100857,Recipient 100857,DE00000000000000100857,6422.16,USD,Invoice 100857
100032,Recipient 100032,DE00000000000000100032,534.60,EUR,Invoice 100032
100377,Recipient 100377,DE00000000000000100377,455.37,USD,Invoice 100377
100118,Recipient 100118,DE00000000000000100118,851.48,EUR,Invoice 100118
100530,Recipient 100530,DE00000000000000100530,945.46,EUR,Invoice 100530
100430,Recipient 100430,DE00000000000000100430,434.53,EUR,Invoice 100430
100412,Recipient 100412,DE00000000000000100412,44.60,USD,Invoice 100412
100651,Recipient 100651,DE00000000000000100651,967.72,USD,Invoice 100651
100497,Recipient 100497,DE00000000000000100497,885.52,EUR,Invoice 100497
100639,Recipient 100639,DE00000000000000100639,505.04,EUR,Invoice 100639
100953,Recipient 100953,DE00000000000000100953,0.00,EUR,Invalid amount 100953
100175,Recipient 100175,DE00000000000000100175,399.06,USD,Invoice 100175
100229,Recipient 100229,DE00000000000000100229,627.12,USD,Invoice 100229
100520,Recipient 100520,DE00000000000000100520,661.39,EUR,Invoice 100520
100889,Recipient 100889,DE00000000000000100889,32323.47,EUR,Invoice 100889
100376,Recipient 100376,DE00000000000000100376,813.74,EUR,Invoice 100376
100067,Recipient 100067,DE00000000000000100067,20.46,USD,Invoice 100067
100846,Recipient 100846,DE00000000000000100846,7547.57,USD,Invoice 100846
100817,Recipient 100817,DE00000000000000100817,5346.50,USD,Invoice 100817
100791,Recipient 100791,DE00000000000000100791,5731.26,USD,Invoice 100791
100284,Recipient 100284,DE00000000000000100284,822.50,EUR,Invoice 100284
100492,Recipient 100492,DE00000000000000100492,117.00,EUR,Invoice 100492
100781,Recipient 100781,DE00000000000000100781,7406.27,EUR,Invoice 100781
100637,Recipient 100637,DE00000000000000100637,451.07,USD,Invoice 100637
100583,Recipient 100583,DE00000000000000100583,486.17,USD,Invoice 100583
100204,Recipient 100204,DE00000000000000100204,659.19,USD,Invoice 100204
100450,Recipient 100450,DE00000000000000100450,845.45,EUR,Invoice 100450
100514,Recipient 100514,DE00000000000000100514,586.79,EUR,Invoice 100514
100700,Recipient 100700,DE00000000000000100700,905.94,EUR,Invoice 100700
100542,Recipient 100542,DE00000000000000100542,454.26,USD,Invoice 100542
100002,Recipient 100002,DE00000000000000100002,741.80,EUR,Invoice 100002
100168,Recipient 100168,DE00000000000000100168,802.42,EUR,Invoice 100168
100711,Recipient 100711,DE00000000000000100711,4863.15,USD,Invoice 100711
100233,Recipient 100233,DE00000000000000100233,139.23,EUR,Invoice 100233
100837,Recipient 100837,DE00000000000000100837,5476.33,EUR,Invoice 100837
100455,Recipient 100455,DE00000000000000100455,22.92,USD,Invoice 100455
100652,Recipient 100652,DE00000000000000100652,129.82,EUR,Invoice 100652
100207,Recipient 100207,DE00000000000000100207,673.12,EUR,Invoice 100207
100736,Recipient 100736,DE00000000000000100736,8792.18,USD,Invoice 100736
100039,Recipient 100039,DE00000000000000100039,913.21,USD,Invoice 100039
100623,Recipient 100623,DE00000000000000100623,864.37,USD,Invoice 100623
100935,Recipient 100935,DE00000000000000100935,17019.80,USD,Invoice 100935
100930,Recipient 100930,DE00000000000000100930,20913.48,EUR,Invoice 100930
100601,Recipient 100601,DE00000000000000100601,921.23,USD,Invoice 100601
100404,Recipient 100404,DE00000000000000100404,726.32,USD,Invoice 100404
100420,Recipient 100420,DE00000000000000100420,410.56,EUR,Invoice 100420
100202,Recipient 100202,DE00000000000000100202,675.94,USD,Invoice 100202
100811,Recipient 100811,DE00000000000000100811,8427.12,EUR,Invoice 100811
100165,Recipient 100165,DE00000000000000100165,881.53,EUR,Invoice 100165
100936,Recipient 100936,DE00000000000000100936,43079.59,USD,Invoice 100936
100128,Recipient 100128,DE00000000000000100128,457.76,EUR,Invoice 100128
100068,Recipient 100068,DE00000000000000100068,878.83,USD,Invoice 100068
100621,Recipient 100621,DE00000000000000100621,464.48,USD,Invoice 100621
100142,Recipient 100142,DE00000000000000100142,273.07,EUR,Invoice 100142
100604,Recipient 100604,DE00000000000000100604,290.22,USD,Invoice 100604
100211,Recipient 100211,DE00000000000000100211,455.96,EUR,Invoice 100211
100375,Recipient 100375,DE00000000000000100375,288.93,USD,Invoice 100375
100996,Recipient 100996,DE00000000000000100996,4928.49,XXX,Invalid currency 100996
100855,Recipient 100855,DE00000000000000100855,6020.48,USD,Invoice 100855
100137,Recipient 100137,DE00000000000000100137,668.19,USD,Invoice 100137
100597,Recipient 100597,DE00000000000000100597,533.04,EUR,Invoice 100597
100149,Recipient 100149,DE00000000000000100149,4.54,EUR,Invoice 100149
100991,Recipient 100991,DE00000000000000100991,1171.57,XXX,Invalid currency 100991
100166,Recipient 100166,DE00000000000000100166,180.18,USD,Invoice 100166
100350,Recipient 100350,DE00000000000000100350,72.11,EUR,Invoice 100350
100793,Recipient 100793,DE00000000000000100793,2127.94,USD,Invoice 100793
100400,Recipient 100400,DE00000000000000100400,864.15,USD,Invoice 100400
100710,Recipient 100710,DE00000000000000100710,7466.89,USD,Invoice 100710
100273,Recipient 100273,DE00000000000000100273,579.10,USD,Invoice 100273
100319,Recipient 100319,DE00000000000000100319,180.26,EUR,Invoice 100319
100292,Recipient 100292,DE00000000000000100292,830.89,EUR,Invoice 100292
100770,Recipient 100770,DE00000000000000100770,3355.99,USD,Invoice 100770
100314,Recipient 100314,DE00000000000000100314,316.23,EUR,Invoice 100314
100662,Recipient 100662,DE00000000000000100662,155.79,USD,Invoice 100662
100531,Recipient 100531,DE00000000000000100531,727.51,USD,Invoice 100531
100490,Recipient 100490,DE00000000000000100490,140.64,EUR,Invoice 100490
100952,Recipient 100952,DE00000000000000100952,0.00,EUR,Invalid amount 100952
100431,Recipient 100431,DE00000000000000100431,760.60,EUR,Invoice 100431
100180,Recipient 100180,DE00000000000000100180,877.15,USD,Invoice 100180
100302,Recipient 100302,DE00000000000000100302,86.53,USD,Invoice 100302
100535,Recipient 100535,DE00000000000000100535,686.40,USD,Invoice 100535
100122,Recipient 100122,DE00000000000000100122,619.76,USD,Invoice 100122
100555,Recipient 100555,DE00000000000000100555,586.87,USD,Invoice 100555
100697,Recipient 100697,DE00000000000000100697,696.37,EUR,Invoice 100697
100045,Recipient 100045,DE00000000000000100045,897.92,USD,Invoice 100045
100964,Recipient 100964,,4930.70,USD,Missing iban 100964
100439,Recipient 100439,DE00000000000000100439,609.88,USD,Invoice 100439
100381,Recipient 100381,DE00000000000000100381,658.00,USD,Invoice 100381
100798,Recipient 100798,DE00000000000000100798,4893.56,EUR,Invoice 100798
100858,Recipient 100858,DE00000000000000100858,5500.70,EUR,Invoice 100858
100127,Recipient 100127,DE00000000000000100127,131.75,USD,Invoice 100127
100703,Recipient 100703,DE00000000000000100703,2000.68,USD,Invoice 100703
100218,Recipient 100218,DE00000000000000100218,51.17,EUR,Invoice 100218
100913,Recipient 100913,DE00000000000000100913,40236.44,USD,Invoice 100913
100692,Recipient 100692,DE00000000000000100692,375.53,EUR,Invoice 100692
100226,Recipient 100226,DE00000000000000100226,450.62,EUR,Invoice 100226
100022,Recipient 100022,DE00000000000000100022,577.77,EUR,Invoice 100022
100737,Recipient 100737,DE00000000000000100737,3458.95,USD,Invoice 100737
100444,Recipient 100444,DE00000000000000100444,899.00,USD,Invoice 100444
100279,Recipient 100279,DE00000000000000100279,796.42,EUR,Invoice 100279
100961,Recipient 100961,,227.40,USD,Missing iban 100961
100976,Recipient 100976,,3367.83,USD,Missing iban 100976
100905,Recipient 100905,DE00000000000000100905,19698.32,EUR,Invoice 100905
100756,Recipient 100756,DE00000000000000100756,9575.10,EUR,Invoice 100756
100746,Recipient 100746,DE00000000000000100746,1923.38,USD,Invoice 100746
100797,Recipient 100797,DE00000000000000100797,7910.03,EUR,Invoice 100797
100550,Recipient 100550,DE00000000000000100550,953.63,USD,Invoice 100550
100359,Recipient 100359,DE00000000000000100359,942.72,USD,Invoice 100359
100425,Recipient 100425,DE00000000000000100425,954.18,USD,Invoice 100425
100862,Recipient 100862,DE00000000000000100862,3951.69,USD,Invoice 100862
100686,Recipient 100686,DE00000000000000100686,831.21,EUR,Invoice 100686
100392,Recipient 100392,DE00000000000000100392,461.98,EUR,Invoice 100392
100116,Recipient 100116,DE00000000000000100116,503.34,EUR,Invoice 100116
100825,Recipient 100825,DE00000000000000100825,9778.36,EUR,Invoice 100825
100726,Recipient 100726,DE00000000000000100726,9827.36,USD,Invoice 100726
100622,Recipient 100622,DE00000000000000100622,681.45,USD,Invoice 100622
100113,Recipient 100113,DE00000000000000100113,579.60,EUR,Invoice 100113
100922,Recipient 100922,DE00000000000000100922,41518.43,EUR,Invoice 100922
100904,Recipient 100904,DE00000000000000100904,15490.92,EUR,Invoice 100904
100043,Recipient 100043,DE00000000000000100043,247.38,USD,Invoice 100043
100966,Recipient 100966,,900.73,EUR,Missing iban 100966
100454,Recipient 100454,DE00000000000000100454,992.69,USD,Invoice 100454
100536,Recipient 100536,DE00000000000000100536,712.68,USD,Invoice 100536
100499,Recipient 100499,DE00000000000000100499,939.10,USD,Invoice 100499
100821,Recipient 100821,DE00000000000000100821,5179.97,USD,Invoice 100821
100861,Recipient 100861,DE00000000000000100861,2340.46,EUR,Invoice 100861
100351,Recipient 100351,DE00000000000000100351,923.98,EUR,Invoice 100351
100910,Recipient 100910,DE00000000000000100910,10207.26,EUR,Invoice 100910
100254,Recipient 100254,DE00000000000000100254,379.72,EUR,Invoice 100254
100695,Recipient 100695,DE00000000000000100695,791.58,EUR,Invoice 100695
100562,Recipient 100562,DE00000000000000100562,225.02,EUR,Invoice 100562
100716,Recipient 100716,DE00000000000000100716,4514.08,USD,Invoice 100716
100397,Recipient 100397,DE00000000000000100397,980.25,EUR,Invoice 100397
100100,Recipient 100100,DE00000000000000100100,422.46,USD,Invoice 100100
100822,Recipient 100822,DE00000000000000100822,6459.94,USD,Invoice 100822
100863,Recipient 100863,DE00000000000000100863,2462.52,USD,Invoice 100863
100005,Recipient 100005,DE00000000000000100005,590.90,EUR,Invoice 100005
100728,Recipient 100728,DE00000000000000100728,1567.90,USD,Invoice 100728
100679,Recipient 100679,DE00000000000000100679,801.45,EUR,Invoice 100679
100318,Recipient 100318,DE00000000000000100318,296.95,USD,Invoice 100318
100463,Recipient 100463,DE00000000000000100463,628.61,EUR,Invoice 100463
100162,Recipient 100162,DE00000000000000100162,973.85,EUR,Invoice 100162
100640,Recipient 100640,DE00000000000000100640,40.10,USD,Invoice 100640
100072,Recipient 100072,DE00000000000000100072,816.20,EUR,Invoice 100072
100723,Recipient 100723,DE00000000000000100723,2200.68,USD,Invoice 100723
100437,Recipient 100437,DE00000000000000100437,531.63,EUR,Invoice 100437
100086,Recipient 100086,DE00000000000000100086,859.77,EUR,Invoice 100086
100285,Recipient 100285,DE00000000000000100285,434.09,USD,Invoice 100285
100970,Recipient 100970,,1878.85,EUR,Missing iban 100970
100331,Recipient 100331,DE00000000000000100331,577.44,EUR,Invoice 100331
100405,Recipient 100405,DE00000000000000100405,865.39,USD,Invoice 100405
100626,Recipient 100626,DE00000000000000100626,796.53,EUR,Invoice 100626
100326,Recipient 100326,DE00000000000000100326,479.23,USD,Invoice 100326
100771,Recipient 100771,DE00000000000000100771,7336.33,EUR,Invoice 100771
100749,Recipient 100749,DE00000000000000100749,2499.80,USD,Invoice 100749
100851,Recipient 100851,DE00000000000000100851,7879.63,USD,Invoice 100851
100828,Recipient 100828,DE00000000000000100828,2102.70,USD,Invoice 100828
100295,Recipient 100295,DE00000000000000100295,570.27,USD,Invoice 100295
100645,Recipient 100645,DE00000000000000100645,789.43,USD,Invoice 100645
100433,Recipient 100433,DE00000000000000100433,903.51,EUR,Invoice 100433
100755,Recipient 100755,DE00000000000000100755,4269.80,EUR,Invoice 100755
100617,Recipient 100617,DE00000000000000100617,237.03,EUR,Invoice 100617
100958,Recipient 100958,DE00000000000000100958,-564.35,USD,Invalid amount 100958
100073,Recipient 100073,DE00000000000000100073,129.26,USD,Invoice 100073
100356,Recipient 100356,DE00000000000000100356,595.44,USD,Invoice 100356
100656,Recipient 100656,DE00000000000000100656,646.37,USD,Invoice 100656
100900,Recipient 100900,DE00000000000000100900,23854.54,USD,Invoice 100900
100967,Recipient 100967,,3829.37,USD,Missing iban 100967
100951,Recipient 100951,DE00000000000000100951,-528.64,EUR,Invalid amount 100951
100123,Recipient 100123,DE00000000000000100123,657.71,USD,Invoice 100123
100834,Recipient 100834,DE00000000000000100834,2708.51,EUR,Invoice 100834
100839,Recipient 100839,DE00000000000000100839,9700.17,EUR,Invoice 100839
100069,Recipient 100069,DE00000000000000100069,240.21,EUR,Invoice 100069
100421,Recipient 100421,DE00000000000000100421,75.75,USD,Invoice 100421
100743,Recipient 100743,DE00000000000000100743,8210.32,USD,Invoice 100743
100522,Recipient 100522,DE00000000000000100522,790.19,EUR,Invoice 100522
100466,Recipient 100466,DE00000000000000100466,732.62,EUR,Invoice 100466
100785,Recipient 100785,DE00000000000000100785,8113.35,EUR,Invoice 100785
100447,Recipient 100447,DE00000000000000100447,987.65,USD,Invoice 100447
100362,Recipient 100362,DE00000000000000100362,604.10,EUR,Invoice 100362
100345,Recipient 100345,DE00000000000000100345,157.37,USD,Invoice 100345
100417,Recipient 100417,DE00000000000000100417,869.82,USD,Invoice 100417
100089,Recipient 100089,DE00000000000000100089,539.69,USD,Invoice 100089
100317,Recipient 100317,DE00000000000000100317,980.52,EUR,Invoice 100317
100744,Recipient 100744,DE00000000000000100744,1710.34,EUR,Invoice 100744
100181,Recipient 100181,DE00000000000000100181,179.39,USD,Invoice 100181
100511,Recipient 100511,DE00000000000000100511,244.32,EUR,Invoice 100511
100440,Recipient 100440,DE00000000000000100440,620.08,EUR,Invoice 100440
100301,Recipient 100301,DE00000000000000100301,556.23,EUR,Invoice 100301
100608,Recipient 100608,DE00000000000000100608,89.04,EUR,Invoice 100608
100313,Recipient 100313,DE00000000000000100313,231.31,EUR,Invoice 100313
100199,Recipient 100199,DE00000000000000100199,304.57,EUR,Invoice 100199
100306,Recipient 100306,DE00000000000000100306,93.96,EUR,Invoice 100306
100161,Recipient 100161,DE00000000000000100161,354.32,USD,Invoice 100161
100847,Recipient 100847,DE00000000000000100847,4293.43,USD,Invoice 100847
100271,Recipient 100271,DE00000000000000100271,778.01,EUR,Invoice 100271
100251,Recipient 100251,DE00000000000000100251,84.86,USD,Invoice 100251
100344,Recipient 100344,DE00000000000000100344,240.62,EUR,Invoice 100344
100135,Recipient 100135,DE00000000000000100135,833.90,USD,Invoice 100135
100498,Recipient 100498,DE00000000000000100498,833.85,USD,Invoice 100498
100235,Recipient 100235,DE00000000000000100235,706.71,EUR,Invoice 100235
100989,Recipient 100989,DE00000000000000100989,2699.26,GBP,Invalid currency 100989
100719,Recipient 100719,DE00000000000000100719,7725.84,USD,Invoice 100719
100188,Recipient 100188,DE00000000000000100188,364.85,EUR,Invoice 100188
100572,Recipient 100572,DE00000000000000100572,566.75,USD,Invoice 100572
100624,Recipient 100624,DE00000000000000100624,151.80,EUR,Invoice 100624
100836,Recipient 100836,DE00000000000000100836,5488.83,USD,Invoice 100836
100944,Recipient 100944,DE00000000000000100944,-668.12,USD,Invalid amount 100944
100296,Recipient 100296,DE00000000000000100296,337.06,USD,Invoice 100296
100763,Recipient 100763,DE00000000000000100763,4995.45,EUR,Invoice 100763
100588,Recipient 100588,DE00000000000000100588,527.40,USD,Invoice 100588
100807,Recipient 100807,DE00000000000000100807,5523.15,EUR,Invoice 100807
100458,Recipient 100458,DE00000000000000100458,833.00,USD,Invoice 100458
100582,Recipient 100582,DE00000000000000100582,443.67,USD,Invoice 100582
100803,Recipient 100803,DE00000000000000100803,8613.39,USD,Invoice 100803
100649,Recipient 100649,DE00000000000000100649,334.03,EUR,Invoice 100649
100606,Recipient 100606,DE00000000000000100606,172.70,USD,Invoice 100606
100843,Recipient 100843,DE00000000000000100843,3571.73,EUR,Invoice 100843
100003,Recipient 100003,DE00000000000000100003,223.99,EUR,Invoice 100003
100200,Recipient 100200,DE00000000000000100200,430.45,USD,Invoice 100200
100220,Recipient 100220,DE00000000000000100220,457.00,USD,Invoice 100220
100304,Recipient 100304,DE00000000000000100304,690.91,USD,Invoice 100304
100975,Recipient 100975,,4892.47,USD,Missing iban 100975
100102,Recipient 100102,DE00000000000000100102,443.68,EUR,Invoice 100102
100453,Recipient 100453,DE00000000000000100453,572.35,USD,Invoice 100453
100315,Recipient 100315,DE00000000000000100315,192.35,USD,Invoice 100315
100378,Recipient 100378,DE00000000000000100378,253.14,EUR,Invoice 100378
100015,Recipient 100015,DE00000000000000100015,103.11,USD,Invoice 100015
100203,Recipient 100203,DE00000000000000100203,793.93,EUR,Invoice 100203
100222,Recipient 100222,DE00000000000000100222,950.08,USD,Invoice 100222
100337,Recipient 100337,DE00000000000000100337,451.06,USD,Invoice 100337
100886,Recipient 100886,DE00000000000000100886,31850.93,USD,Invoice 100886
100644,Recipient 100644,DE00000000000000100644,679.21,EUR,Invoice 100644
100949,Recipient 100949,DE00000000000000100949,-416.43,EUR,Invalid amount 100949
100727,Recipient 100727,DE00000000000000100727,6685.62,EUR,Invoice 100727
100208,Recipient 100208,DE00000000000000100208,806.75,EUR,Invoice 100208
100409,Recipient 100409,DE00000000000000100409,869.72,EUR,Invoice 100409
100553,Recipient 100553,DE00000000000000100553,744.84,USD,Invoice 100553
100925,Recipient 100925,DE00000000000000100925,21935.69,EUR,Invoice 100925
100219,Recipient 100219,DE00000000000000100219,917.54,EUR,Invoice 100219
100287,Recipient 100287,DE00000000000000100287,707.59,USD,Invoice 100287
100170,Recipient 100170,DE00000000000000100170,383.16,EUR,Invoice 100170
100082,Recipient 100082,DE00000000000000100082,588.71,EUR,Invoice 100082
100939,Recipient 100939,DE00000000000000100939,29098.16,EUR,Invoice 100939
100657,Recipient 100657,DE00000000000000100657,508.97,EUR,Invoice 100657
100786,Recipient 100786,DE00000000000000100786,4248.07,USD,Invoice 100786
100125,Recipient 100125,DE00000000000000100125,670.05,USD,Invoice 100125
100884,Recipient 100884,DE00000000000000100884,48267.42,USD,Invoice 100884
100477,Recipient 100477,DE00000000000000100477,754.39,EUR,Invoice 100477
100675,Recipient 100675,DE00000000000000100675,368.47,USD,Invoice 100675
100799,Recipient 100799,DE00000000000000100799,8482.51,EUR,Invoice 100799
100347,Recipient 100347,DE00000000000000100347,291.97,EUR,Invoice 100347
100056,Recipient 100056,DE00000000000000100056,768.82,USD,Invoice 100056
100332,Recipient 100332,DE00000000000000100332,152.57,USD,Invoice 100332
100752,Recipient 100752,DE00000000000000100752,6533.66,USD,Invoice 100752
100435,Recipient 100435,DE00000000000000100435,294.07,USD,Invoice 100435
100012,Recipient 100012,DE00000000000000100012,698.43,USD,Invoice 100012
100059,Recipient 100059,DE00000000000000100059,953.85,USD,Invoice 100059
100546,Recipient 100546,DE00000000000000100546,414.40,USD,Invoice 100546
100415,Recipient 100415,DE00000000000000100415,495.83,EUR,Invoice 100415
100023,Recipient 100023,DE00000000000000100023,46.78,EUR,Invoice 100023
100154,Recipient 100154,DE00000000000000100154,76.17,EUR,Invoice 100154
100832,Recipient 100832,DE00000000000000100832,3234.43,EUR,Invoice 100832
100164,Recipient 100164,DE00000000000000100164,864.73,EUR,Invoice 100164
100769,Recipient 100769,DE00000000000000100769,9221.87,EUR,Invoice 100769
100517,Recipient 100517,DE00000000000000100517,277.99,EUR,Invoice 100517
100642,Recipient 100642,DE00000000000000100642,364.53,USD,Invoice 100642
100225,Recipient 100225,DE00000000000000100225,897.30,USD,Invoice 100225
100829,Recipient 100829,DE00000000000000100829,3231.27,EUR,Invoice 100829
100244,Recipient 100244,DE00000000000000100244,538.68,EUR,Invoice 100244
100179,Recipient 100179,DE00000000000000100179,939.29,EUR,Invoice 100179
100524,Recipient 100524,DE00000000000000100524,175.07,EUR,Invoice 100524
100212,Recipient 100212,DE00000000000000100212,718.62,USD,Invoice 100212
100816,Recipient 100816,DE00000000000000100816,6777.16,USD,Invoice 100816
100352,Recipient 100352,DE00000000000000100352,425.71,EUR,Invoice 100352
100320,Recipient 100320,DE00000000000000100320,708.30,EUR,Invoice 100320
100357,Recipient 100357,DE00000000000000100357,439.71,USD,Invoice 100357
100146,Recipient 100146,DE00000000000000100146,905.42,EUR,Invoice 100146
100119,Recipient 100119,DE00000000000000100119,595.43,EUR,Invoice 100119
100796,Recipient 100796,DE00000000000000100796,2155.01,EUR,Invoice 100796
100426,Recipient 100426,DE00000000000000100426,872.50,EUR,Invoice 100426
100678,Recipient 100678,DE00000000000000100678,966.29,EUR,Invoice 100678
100108,Recipient 100108,DE00000000000000100108,379.59,USD,Invoice 100108
100809,Recipient 100809,DE00000000000000100809,2540.80,USD,Invoice 100809
100026,Recipient 100026,DE00000000000000100026,380.74,USD,Invoice 100026
100354,Recipient 100354,DE00000000000000100354,826.80,EUR,Invoice 100354
100820,Recipient 100820,DE00000000000000100820,4956.45,USD,Invoice 100820
100707,Recipient 100707,DE00000000000000100707,1565.26,USD,Invoice 100707
100969,Recipient 100969,,2243.24,USD,Missing iban 100969
100401,Recipient 100401,DE00000000000000100401,772.89,USD,Invoice 100401
100384,Recipient 100384,DE00000000000000100384,625.78,EUR,Invoice 100384
100457,Recipient 100457,DE00000000000000100457,910.70,USD,Invoice 100457
100973,Recipient 100973,,2644.68,EUR,Missing iban 100973
100532,Recipient 100532,DE00000000000000100532,458.58,EUR,Invoice 100532
100523,Recipient 100523,DE00000000000000100523,589.26,EUR,Invoice 100523
100228,Recipient 100228,DE00000000000000100228,766.04,USD,Invoice 100228
100265,Recipient 100265,DE00000000000000100265,621.71,EUR,Invoice 100265
100704,Recipient 100704,DE00000000000000100704,3138.76,EUR,Invoice 100704
100011,Recipient 100011,DE00000000000000100011,759.04,EUR,Invoice 100011
100109,Recipient 100109,DE00000000000000100109,265.94,USD,Invoice 100109
100596,Recipient 100596,DE00000000000000100596,176.52,USD,Invoice 100596
100712,Recipient 100712,DE00000000000000100712,3165.08,USD,Invoice 100712
100410,Recipient 100410,DE00000000000000100410,572.22,EUR,Invoice 100410
100046,Recipient 100046,DE00000000000000100046,362.63,EUR,Invoice 100046
100171,Recipient 100171,DE00000000000000100171,858.73,EUR,Invoice 100171
100364,Recipient 100364,DE00000000000000100364,999.56,USD,Invoice 100364
100255,Recipient 100255,DE00000000000000100255,455.24,USD,Invoice 100255
100112,Recipient 100112,DE00000000000000100112,218.48,EUR,Invoice 100112
100680,Recipient 100680,DE00000000000000100680,873.12,EUR,Invoice 100680
100748,Recipient 100748,DE00000000000000100748,5013.24,USD,Invoice 100748
100038,Recipient 100038,DE00000000000000100038,268.47,EUR,Invoice 100038
100429,Recipient 100429,DE00000000000000100429,997.42,EUR,Invoice 100429
100519,Recipient 100519,DE00000000000000100519,798.71,EUR,Invoice 100519
100548,Recipient 100548,DE00000000000000100548,313.23,USD,Invoice 100548
100411,Recipient 100411,DE00000000000000100411,856.15,USD,Invoice 100411
100591,Recipient 100591,DE00000000000000100591,8.68,USD,Invoice 100591
100812,Recipient 100812,DE00000000000000100812,1731.00,USD,Invoice 100812
100808,Recipient 100808,DE00000000000000100808,6326.27,EUR,Invoice 100808
100759,Recipient 100759,DE00000000000000100759,3123.96,USD,Invoice 100759
100434,Recipient 100434,DE00000000000000100434,325.05,EUR,Invoice 100434
100917,Recipient 100917,DE00000000000000100917,31406.09,EUR,Invoice 100917
100888,Recipient 100888,DE00000000000000100888,48293.50,USD,Invoice 100888
100248,Recipient 100248,DE00000000000000100248,724.45,USD,Invoice 100248
100923,Recipient 100923,DE00000000000000100923,47464.35,USD,Invoice 100923
100627,Recipient 100627,DE00000000000000100627,352.59,EUR,Invoice 100627
100750,Recipient 100750,DE00000000000000100750,4163.92,EUR,Invoice 100750
100985,Recipient 100985,DE00000000000000100985,2232.76,XXX,Invalid currency 100985
100071,Recipient 100071,DE00000000000000100071,86.57,USD,Invoice 100071
100810,Recipient 100810,DE00000000000000100810,8582.76,EUR,Invoice 100810
100449,Recipient 100449,DE00000000000000100449,690.62,USD,Invoice 100449
100215,Recipient 100215,DE00000000000000100215,892.76,EUR,Invoice 100215
100473,Recipient 100473,DE00000000000000100473,967.41,USD,Invoice 100473
100028,Recipient 100028,DE00000000000000100028,163.49,USD,Invoice 100028
100859,Recipient 100859,DE00000000000000100859,1350.23,USD,Invoice 100859
100185,Recipient 100185,DE00000000000000100185,385.81,EUR,Invoice 100185
100559,Recipient 100559,DE00000000000000100559,968.42,USD,Invoice 100559
100205,Recipient 100205,DE00000000000000100205,515.93,USD,Invoice 100205
100117,Recipient 100117,DE00000000000000100117,57.82,EUR,Invoice 100117
100374,Recipient 100374,DE00000000000000100374,412.23,USD,Invoice 100374
100403,Recipient 100403,DE00000000000000100403,820.72,USD,Invoice 100403
100733,Recipient 100733,DE00000000000000100733,9902.09,USD,Invoice 100733
100982,Recipient 100982,DE00000000000000100982,2096.78,GBP,Invalid currency 100982
100334,Recipient 100334,DE00000000000000100334,119.33,USD,Invoice 100334
100813,Recipient 100813,DE00000000000000100813,6860.16,USD,Invoice 100813
100941,Recipient 100941,DE00000000000000100941,-236.29,USD,Invalid amount 100941
100638,Recipient 100638,DE00000000000000100638,982.39,EUR,Invoice 100638
100988,Recipient 100988,DE00000000000000100988,2011.92,GBP,Invalid currency 100988
100722,Recipient 100722,DE00000000000000100722,7943.50,USD,Invoice 100722
100182,Recipient 100182,DE00000000000000100182,39.22,USD,Invoice 100182
100322,Recipient 100322,DE00000000000000100322,553.80,EUR,Invoice 100322
100915,Recipient 100915,DE00000000000000100915,46317.48,EUR,Invoice 100915
100206,Recipient 100206,DE00000000000000100206,94.29,EUR,Invoice 100206
100329,Recipient 100329,DE00000000000000100329,114.97,EUR,Invoice 100329
100768,Recipient 100768,DE00000000000000100768,5491.39,USD,Invoice 100768
100140,Recipient 100140,DE00000000000000100140,265.20,EUR,Invoice 100140
100790,Recipient 100790,DE00000000000000100790,9996.35,USD,Invoice 100790
100343,Recipient 100343,DE00000000000000100343,660.76,EUR,Invoice 100343
100451,Recipient 100451,DE00000000000000100451,999.36,USD,Invoice 100451
100866,Recipient 100866,DE00000000000000100866,5274.03,EUR,Invoice 100866
100698,Recipient 100698,DE00000000000000100698,759.07,USD,Invoice 100698
100924,Recipient 100924,DE00000000000000100924,45069.73,EUR,Invoice 100924
100406,Recipient 100406,DE00000000000000100406,539.04,USD,Invoice 100406
100990,Recipient 100990,DE00000000000000100990,701.54,CHF,Invalid currency 100990
100312,Recipient 100312,DE00000000000000100312,271.64,USD,Invoice 100312
100139,Recipient 100139,DE00000000000000100139,938.98,EUR,Invoice 100139
100764,Recipient 100764,DE00000000000000100764,6165.29,USD,Invoice 100764
100469,Recipient 100469,DE00000000000000100469,201.59,USD,Invoice 100469
100867,Recipient 100867,DE00000000000000100867,4315.22,EUR,Invoice 100867
100609,Recipient 100609,DE00000000000000100609,244.07,USD,Invoice 100609
100997,Recipient 100997,DE00000000000000100997,1105.99,CHF,Invalid currency 100997
100682,Recipient 100682,DE00000000000000100682,554.98,EUR,Invoice 100682
100258,Recipient 100258,DE00000000000000100258,253.02,EUR,Invoice 100258
100667,Recipient 100667,DE00000000000000100667,163.08,EUR,Invoice 100667
100911,Recipient 100911,DE00000000000000100911,26276.30,USD,Invoice 100911
100496,Recipient 100496,DE00000000000000100496,587.75,EUR,Invoice 100496
100753,Recipient 100753,DE00000000000000100753,3471.00,EUR,Invoice 100753
100432,Recipient 100432,DE00000000000000100432,444.23,USD,Invoice 100432
100283,Recipient 100283,DE00000000000000100283,13.64,USD,Invoice 100283
100446,Recipient 100446,DE00000000000000100446,74.79,USD,Invoice 100446
100172,Recipient 100172,DE00000000000000100172,200.37,USD,Invoice 100172
100065,Recipient 100065,DE00000000000000100065,539.83,EUR,Invoice 100065
100877,Recipient 100877,DE00000000000000100877,3823.23,EUR,Invoice 100877
100505,Recipient 100505,DE00000000000000100505,61.49,USD,Invoice 100505
100730,Recipient 100730,DE00000000000000100730,1394.26,EUR,Invoice 100730
100309,Recipient 100309,DE00000000000000100309,473.78,USD,Invoice 100309
100276,Recipient 100276,DE00000000000000100276,76.92,EUR,Invoice 100276
100143,Recipient 100143,DE00000000000000100143,717.89,EUR,Invoice 100143
100630,Recipient 100630,DE00000000000000100630,831.86,EUR,Invoice 100630
100672,Recipient 100672,DE00000000000000100672,234.77,EUR,Invoice 100672
100853,Recipient 100853,DE00000000000000100853,2157.97,EUR,Invoice 100853
100534,Recipient 100534,DE00000000000000100534,847.44,USD,Invoice 100534
100586,Recipient 100586,DE00000000000000100586,345.82,EUR,Invoice 100586
100914,Recipient 100914,DE00000000000000100914,22846.71,EUR,Invoice 100914
100929,Recipient 100929,DE00000000000000100929,44042.39,USD,Invoice 100929
100087,Recipient 100087,DE00000000000000100087,514.64,USD,Invoice 100087
100960,Recipient 100960,DE00000000000000100960,0.00,EUR,Invalid amount 100960
100882,Recipient 100882,DE00000000000000100882,32435.47,USD,Invoice 100882
100299,Recipient 100299,DE00000000000000100299,798.03,USD,Invoice 100299
100801,Recipient 100801,DE00000000000000100801,3903.94,EUR,Invoice 100801
100395,Recipient 100395,DE00000000000000100395,509.36,USD,Invoice 100395
100333,Recipient 100333,DE00000000000000100333,86.09,EUR,Invoice 100333
100613,Recipient 100613,DE00000000000000100613,77.30,EUR,Invoice 100613
100612,Recipient 100612,DE00000000000000100612,222.35,EUR,Invoice 100612
100762,Recipient 100762,DE00000000000000100762,9539.40,USD,Invoice 100762
100568,Recipient 100568,DE00000000000000100568,29.92,USD,Invoice 100568
100779,Recipient 100779,DE00000000000000100779,5949.97,USD,Invoice 100779
100092,Recipient 100092,DE00000000000000100092,95.23,USD,Invoice 100092
100027,Recipient 100027,DE00000000000000100027,636.04,USD,Invoice 100027
100106,Recipient 100106,DE00000000000000100106,481.87,USD,Invoice 100106
100418,Recipient 100418,DE00000000000000100418,100.61,USD,Invoice 100418
100525,Recipient 100525,DE00000000000000100525,127.63,USD,Invoice 100525
100569,Recipient 100569,DE00000000000000100569,702.99,USD,Invoice 100569
100963,Recipient 100963,,4672.98,EUR,Missing iban 100963
100460,Recipient 100460,DE00000000000000100460,607.45,USD,Invoice 100460
100442,Recipient 100442,DE00000000000000100442,232.95,USD,Invoice 100442
100192,Recipient 100192,DE00000000000000100192,507.61,USD,Invoice 100192
100090,Recipient 100090,DE00000000000000100090,243.75,USD,Invoice 100090
100136,Recipient 100136,DE00000000000000100136,612.06,EUR,Invoice 100136
100105,Recipient 100105,DE00000000000000100105,167.14,USD,Invoice 100105
100277,Recipient 100277,DE00000000000000100277,102.80,USD,Invoice 100277
100896,Recipient 100896,DE00000000000000100896,45830.42,USD,Invoice 100896
100456,Recipient 100456,DE00000000000000100456,275.20,EUR,Invoice 100456
100898,Recipient 100898,DE00000000000000100898,21618.11,USD,Invoice 100898
100006,Recipient 100006,DE00000000000000100006,30.77,EUR,Invoice 100006
100094,Recipient 100094,DE00000000000000100094,467999097.55,EUR,Invoice 100094
100788,Recipient 100788,DE00000000000000100788,6507.53,EUR,Invoice 100788
100370,Recipient 100370,DE00000000000000100370,969.08,USD,Invoice 100370
100325,Recipient 100325,DE00000000000000100325,574.48,USD,Invoice 100325
100792,Recipient 100792,DE00000000000000100792,8410.05,EUR,Invoice 100792
100673,Recipient 100673,DE00000000000000100673,310.16,USD,Invoice 100673
100693,Recipient 100693,DE00000000000000100693,319.36,EUR,Invoice 100693
100681,Recipient 100681,DE00000000000000100681,641.53,USD,Invoice 100681
100158,Recipient 100158,DE00000000000000100158,308.95,EUR,Invoice 100158
100943,Recipient 100943,DE00000000000000100943,0.00,EUR,Invalid amount 100943
100845,Recipient 100845,DE00000000000000100845,2205.41,USD,Invoice 100845
100076,Recipient 100076,DE00000000000000100076,964.39,EUR,Invoice 100076
100253,Recipient 100253,DE00000000000000100253,182.55,USD,Invoice 100253
100869,Recipient 100869,DE00000000000000100869,8170.79,EUR,Invoice 100869
100634,Recipient 100634,DE00000000000000100634,450.28,EUR,Invoice 100634
100088,Recipient 100088,DE00000000000000100088,669.30,EUR,Invoice 100088
100903,Recipient 100903,DE00000000000000100903,47320.96,USD,Invoice 100903
100677,Recipient 100677,DE00000000000000100677,778.34,USD,Invoice 100677
100600,Recipient 100600,DE00000000000000100600,436.78,USD,Invoice 100600
100191,Recipient 100191,DE00000000000000100191,720.03,USD,Invoice 100191
100443,Recipient 100443,DE00000000000000100443,460.11,EUR,Invoice 100443
100385,Recipient 100385,DE00000000000000100385,204.35,EUR,Invoice 100385
100874,Recipient 100874,DE00000000000000100874,2329.98,EUR,Invoice 100874
100365,Recipient 100365,DE00000000000000100365,576.66,EUR,Invoice 100365
100234,Recipient 100234,DE00000000000000100234,383.65,EUR,Invoice 100234
100848,Recipient 100848,DE00000000000000100848,1460.42,EUR,Invoice 100848
100462,Recipient 100462,DE00000000000000100462,621.26,EUR,Invoice 100462
100280,Recipient 100280,DE00000000000000100280,347.85,USD,Invoice 100280
100650,Recipient 100650,DE00000000000000100650,916.82,USD,Invoice 100650
100031,Recipient 100031,DE00000000000000100031,609.52,EUR,Invoice 100031
100335,Recipient 100335,DE00000000000000100335,606.71,EUR,Invoice 100335
100777,Recipient 100777,DE00000000000000100777,9975.35,USD,Invoice 100777
100610,Recipient 100610,DE00000000000000100610,524.43,USD,Invoice 100610
100629,Recipient 100629,DE00000000000000100629,38.57,USD,Invoice 100629
100940,Recipient 100940,DE00000000000000100940,10273.20,USD,Invoice 100940
100349,Recipient 100349,DE00000000000000100349,703.28,USD,Invoice 100349
100078,Recipient 100078,DE00000000000000100078,995.14,USD,Invoice 100078
100238,Recipient 100238,DE00000000000000100238,63.20,USD,Invoice 100238
100448,Recipient 100448,DE00000000000000100448,639.29,USD,Invoice 100448
100892,Recipient 100892,DE00000000000000100892,37609.60,USD,Invoice 100892
100055,Recipient 100055,DE00000000000000100055,682.02,USD,Invoice 100055
100355,Recipient 100355,DE00000000000000100355,60.58,USD,Invoice 100355
100513,Recipient 100513,DE00000000000000100513,69.54,EUR,Invoice 100513
100776,Recipient 100776,DE00000000000000100776,2553.91,USD,Invoice 100776
100706,Recipient 100706,DE00000000000000100706,6750.56,USD,Invoice 100706
100841,Recipient 100841,DE00000000000000100841,1454.86,USD,Invoice 100841
100394,Recipient 100394,DE00000000000000100394,498.87,USD,Invoice 100394
100747,Recipient 100747,DE00000000000000100747,6948.27,USD,Invoice 100747
100554,Recipient 100554,DE00000000000000100554,811.95,EUR,Invoice 100554
100694,Recipient 100694,DE00000000000000100694,839.33,USD,Invoice 100694
100399,Recipient 100399,DE00000000000000100399,384.20,EUR,Invoice 100399
100739,Recipient 100739,DE00000000000000100739,7689.76,USD,Invoice 100739
100784,Recipient 100784,DE00000000000000100784,8128.58,EUR,Invoice 100784
100731,Recipient 100731,DE00000000000000100731,8972.10,USD,Invoice 100731
100167,Recipient 100167,DE00000000000000100167,782.60,USD,Invoice 100167
100307,Recipient 100307,DE00000000000000100307,404.99,EUR,Invoice 100307
100079,Recipient 100079,DE00000000000000100079,438.66,USD,Invoice 100079
100408,Recipient 100408,DE00000000000000100408,455.88,USD,Invoice 100408
100971,Recipient 100971,,3268.02,USD,Missing iban 100971
100932,Recipient 100932,DE00000000000000100932,35931.41,EUR,Invoice 100932
100213,Recipient 100213,DE00000000000000100213,494.88,EUR,Invoice 100213
100806,Recipient 100806,DE00000000000000100806,6529.85,EUR,Invoice 100806
100323,Recipient 100323,DE00000000000000100323,638.23,USD,Invoice 100323
100789,Recipient 100789,DE00000000000000100789,1591.73,USD,Invoice 100789
100034,Recipient 100034,DE00000000000000100034,270.68,EUR,Invoice 100034
100674,Recipient 100674,DE00000000000000100674,904.06,EUR,Invoice 100674
100578,Recipient 100578,DE00000000000000100578,777.05,EUR,Invoice 100578
100557,Recipient 100557,DE00000000000000100557,354.24,USD,Invoice 100557
100288,Recipient 100288,DE00000000000000100288,176.96,USD,Invoice 100288
100767,Recipient 100767,DE00000000000000100767,1233.22,EUR,Invoice 100767
100831,Recipient 100831,DE00000000000000100831,8777.47,USD,Invoice 100831
100048,Recipient 100048,DE00000000000000100048,756.02,EUR,Invoice 100048
100278,Recipient 100278,DE00000000000000100278,850.43,EUR,Invoice 100278
100487,Recipient 100487,DE00000000000000100487,648.00,USD,Invoice 100487
100581,Recipient 100581,DE00000000000000100581,674.29,USD,Invoice 100581
100709,Recipient 100709,DE00000000000000100709,6687.59,EUR,Invoice 100709
100921,Recipient 100921,DE00000000000000100921,49886.87,USD,Invoice 100921
100865,Recipient 100865,DE00000000000000100865,7378.65,USD,Invoice 100865
100044,Recipient 100044,DE00000000000000100044,747.26,USD,Invoice 100044
100541,Recipient 100541,DE00000000000000100541,381.52,USD,Invoice 100541
100098,Recipient 100098,DE00000000000000100098,249.41,EUR,Invoice 100098
100580,Recipient 100580,DE00000000000000100580,158.25,EUR,Invoice 100580
100340,Recipient 100340,DE00000000000000100340,610.02,EUR,Invoice 100340
100661,Recipient 100661,DE00000000000000100661,192.81,EUR,Invoice 100661
100445,Recipient 100445,DE00000000000000100445,901.30,EUR,Invoice 100445
100887,Recipient 100887,DE00000000000000100887,34403.06,EUR,Invoice 100887
100085,Recipient 100085,DE00000000000000100085,229.71,EUR,Invoice 100085
100176,Recipient 100176,DE00000000000000100176,864.48,USD,Invoice 100176
100720,Recipient 100720,DE00000000000000100720,8096.67,USD,Invoice 100720
100819,Recipient 100819,DE00000000000000100819,7197.52,EUR,Invoice 100819
100653,Recipient 100653,DE00000000000000100653,310.27,USD,Invoice 100653
100058,Recipient 100058,DE00000000000000100058,159.00,EUR,Invoice 100058
100488,Recipient 100488,DE00000000000000100488,909.47,USD,Invoice 100488
100907,Recipient 100907,DE00000000000000100907,14007.92,USD,Invoice 100907
100942,Recipient 100942,DE00000000000000100942,0.00,USD,Invalid amount 100942
100864,Recipient 100864,DE00000000000000100864,6343.52,USD,Invoice 100864
100774,Recipient 100774,DE00000000000000100774,2801.60,EUR,Invoice 100774
100096,Recipient 100096,DE00000000000000100096,61.55,USD,Invoice 100096
100033,Recipient 100033,DE00000000000000100033,164.24,USD,Invoice 100033
100666,Recipient 100666,DE00000000000000100666,597.64,EUR,Invoice 100666
100670,Recipient 100670,DE00000000000000100670,969.61,USD,Invoice 100670
100083,Recipient 100083,DE00000000000000100083,588.85,EUR,Invoice 100083
100701,Recipient 100701,DE00000000000000100701,3303.31,EUR,Invoice 100701
100974,Recipient 100974,,4174.27,EUR,Missing iban 100974
100232,Recipient 100232,DE00000000000000100232,320.39,EUR,Invoice 100232
100987,Recipient 100987,DE00000000000000100987,1224.43,GBP,Invalid currency 100987
100250,Recipient 100250,DE00000000000000100250,907.01,EUR,Invoice 100250
100579,Recipient 100579,DE00000000000000100579,883.45,EUR,Invoice 100579
100471,Recipient 100471,DE00000000000000100471,830.63,USD,Invoice 100471
100416,Recipient 100416,DE00000000000000100416,127.12,USD,Invoice 100416
100844,Recipient 100844,DE00000000000000100844,8624.54,USD,Invoice 100844
100954,Recipient 100954,DE00000000000000100954,-165.37,EUR,Invalid amount 100954
100909,Recipient 100909,DE00000000000000100909,37247.68,EUR,Invoice 100909
100274,Recipient 100274,DE00000000000000100274,576.22,USD,Invoice 100274
100363,Recipient 100363,DE00000000000000100363,92.23,EUR,Invoice 100363
100259,Recipient 100259,DE00000000000000100259,470.83,EUR,Invoice 100259
100540,Recipient 100540,DE00000000000000100540,624.69,USD,Invoice 100540
100635,Recipient 100635,DE00000000000000100635,322.20,USD,Invoice 100635
100197,Recipient 100197,DE00000000000000100197,615.89,USD,Invoice 100197
100977,Recipient 100977,,2660.14,EUR,Missing iban 100977
100984,Recipient 100984,DE00000000000000100984,505.38,GBP,Invalid currency 100984
100833,Recipient 100833,DE00000000000000100833,8321.29,USD,Invoice 100833
100099,Recipient 100099,DE00000000000000100099,536.74,EUR,Invoice 100099
100110,Recipient 100110,DE00000000000000100110,285.96,USD,Invoice 100110
100184,Recipient 100184,DE00000000000000100184,436.95,EUR,Invoice 100184
100441,Recipient 100441,DE00000000000000100441,498.16,EUR,Invoice 100441
100691,Recipient 100691,DE00000000000000100691,236.54,EUR,Invoice 100691
100715,Recipient 100715,DE00000000000000100715,1609.11,EUR,Invoice 100715
100515,Recipient 100515,DE00000000000000100515,329.23,EUR,Invoice 100515
100800,Recipient 100800,DE00000000000000100800,3737.12,EUR,Invoice 100800
100294,Recipient 100294,DE00000000000000100294,244.62,USD,Invoice 100294
100948,Recipient 100948,DE00000000000000100948,-478.70,USD,Invalid amount 100948
100282,Recipient 100282,DE00000000000000100282,506.45,USD,Invoice 100282
100890,Recipient 100890,DE00000000000000100890,47659.42,USD,Invoice 100890
100962,Recipient 100962,,3502.22,EUR,Missing iban 100962
100018,Recipient 100018,DE00000000000000100018,729.99,EUR,Invoice 100018
100013,Recipient 100013,DE00000000000000100013,278.59,EUR,Invoice 100013
100422,Recipient 100422,DE00000000000000100422,339.22,USD,Invoice 100422
100565,Recipient 100565,DE00000000000000100565,574.52,USD,Invoice 100565
100545,Recipient 100545,DE00000000000000100545,430.64,EUR,Invoice 100545
100827,Recipient 100827,DE00000000000000100827,3872.04,USD,Invoice 100827
100876,Recipient 100876,DE00000000000000100876,2717.06,USD,Invoice 100876
100500,Recipient 100500,DE00000000000000100500,33.68,USD,Invoice 100500
100676,Recipient 100676,DE00000000000000100676,462.21,USD,Invoice 100676
100495,Recipient 100495,DE00000000000000100495,670.81,USD,Invoice 100495
100632,Recipient 100632,DE00000000000000100632,615.39,USD,Invoice 100632
100683,Recipient 100683,DE00000000000000100683,711.68,EUR,Invoice 100683
100654,Recipient 100654,DE00000000000000100654,643.84,USD,Invoice 100654
100633,Recipient 100633,DE00000000000000100633,463.24,EUR,Invoice 100633
100062,Recipient 100062,DE00000000000000100062,870.64,USD,Invoice 100062
100383,Recipient 100383,DE00000000000000100383,518.92,USD,Invoice 100383
100467,Recipient 100467,DE00000000000000100467,909.71,USD,Invoice 100467
100518,Recipient 100518,DE00000000000000100518,987.53,USD,Invoice 100518
100224,Recipient 100224,DE00000000000000100224,830.73,USD,Invoice 100224
100010,Recipient 100010,DE00000000000000100010,809.61,EUR,Invoice 100010
100155,Recipient 100155,DE00000000000000100155,546.04,USD,Invoice 100155
100972,Recipient 100972,,594.05,USD,Missing iban 100972
100070,Recipient 100070,DE00000000000000100070,878.12,EUR,Invoice 100070
100237,Recipient 100237,DE00000000000000100237,543.06,USD,Invoice 100237
100646,Recipient 100646,DE00000000000000100646,66.85,EUR,Invoice 100646
100141,Recipient 100141,DE00000000000000100141,742.67,EUR,Invoice 100141
100994,Recipient 100994,DE00000000000000100994,4092.09,GBP,Invalid currency 100994
100007,Recipient 100007,DE00000000000000100007,233.43,EUR,Invoice 100007
100783,Recipient 100783,DE00000000000000100783,2092.26,EUR,Invoice 100783
100050,Recipient 100050,DE00000000000000100050,792.28,USD,Invoice 100050
100685,Recipient 100685,DE00000000000000100685,273.52,EUR,Invoice 100685
100077,Recipient 100077,DE00000000000000100077,713.23,USD,Invoice 100077
100035,Recipient 100035,DE00000000000000100035,684.92,EUR,Invoice 100035
100537,Recipient 100537,DE00000000000000100537,74.42,EUR,Invoice 100537
100061,Recipient 100061,DE00000000000000100061,508.17,EUR,Invoice 100061
100946,Recipient 100946,DE00000000000000100946,-639.07,USD,Invalid amount 100946
100556,Recipient 100556,DE00000000000000100556,670.34,USD,Invoice 100556
100981,Recipient 100981,DE00000000000000100981,162.05,XXX,Invalid currency 100981
100852,Recipient 100852,DE00000000000000100852,8427.79,EUR,Invoice 100852
100560,Recipient 100560,DE00000000000000100560,352.29,EUR,Invoice 100560
100871,Recipient 100871,DE00000000000000100871,9703.63,EUR,Invoice 100871
100144,Recipient 100144,DE00000000000000100144,687.80,USD,Invoice 100144
100174,Recipient 100174,DE00000000000000100174,223.70,EUR,Invoice 100174
100361,Recipient 100361,DE00000000000000100361,889.52,USD,Invoice 100361
100815,Recipient 100815,DE00000000000000100815,5482.34,USD,Invoice 100815
100751,Recipient 100751,DE00000000000000100751,7541.32,USD,Invoice 100751
100173,Recipient 100173,DE00000000000000100173,350.31,EUR,Invoice 100173
100472,Recipient 100472,DE00000000000000100472,914.13,USD,Invoice 100472
100503,Recipient 100503,DE00000000000000100503,100.25,USD,Invoice 100503
100758,Recipient 100758,DE00000000000000100758,1313.19,EUR,Invoice 100758
100658,Recipient 100658,DE00000000000000100658,363.23,EUR,Invoice 100658
100741,Recipient 100741,DE00000000000000100741,5465.82,USD,Invoice 100741
100501,Recipient 100501,DE00000000000000100501,218.05,USD,Invoice 100501
100842,Recipient 100842,DE00000000000000100842,6377.66,USD,Invoice 100842
100782,Recipient 100782,DE00000000000000100782,8143.26,EUR,Invoice 100782
100264,Recipient 100264,DE00000000000000100264,200.16,EUR,Invoice 100264
100346,Recipient 100346,DE00000000000000100346,451.05,USD,Invoice 100346
100702,Recipient 100702,DE00000000000000100702,5939.23,USD,Invoice 100702
100671,Recipient 100671,DE00000000000000100671,752.63,USD,Invoice 100671
100564,Recipient 100564,DE00000000000000100564,115.77,USD,Invoice 100564
100512,Recipient 100512,DE00000000000000100512,787.18,EUR,Invoice 100512
100252,Recipient 100252,DE00000000000000100252,136.56,USD,Invoice 100252
100854,Recipient 100854,DE00000000000000100854,4545.13,USD,Invoice 100854
100584,Recipient 100584,DE00000000000000100584,414.77,EUR,Invoice 100584
100389,Recipient 100389,DE00000000000000100389,710.07,USD,Invoice 100389
100236,Recipient 100236,DE00000000000000100236,415.45,USD,Invoice 100236
100338,Recipient 100338,DE00000000000000100338,298.05,USD,Invoice 100338
100201,Recipient 100201,DE00000000000000100201,465.52,USD,Invoice 100201
100157,Recipient 100157,DE00000000000000100157,430.35,EUR,Invoice 100157
100303,Recipient 100303,DE00000000000000100303,489.08,EUR,Invoice 100303
100428,Recipient 100428,DE00000000000000100428,631.52,USD,Invoice 100428
100738,Recipient 100738,DE00000000000000100738,4932.56,USD,Invoice 100738
100594,Recipient 100594,DE00000000000000100594,328.79,EUR,Invoice 100594
100599,Recipient 100599,DE00000000000000100599,73.00,EUR,Invoice 100599
100567,Recipient 100567,DE00000000000000100567,609.38,USD,Invoice 100567
100897,Recipient 100897,DE00000000000000100897,42735.10,EUR,Invoice 100897
100017,Recipient 100017,DE00000000000000100017,604.12,EUR,Invoice 100017
100150,Recipient 100150,DE00000000000000100150,637.47,USD,Invoice 100150
100919,Recipient 100919,DE00000000000000100919,26715.40,EUR,Invoice 100919
100227,Recipient 100227,DE00000000000000100227,840.01,USD,Invoice 100227
100577,Recipient 100577,DE00000000000000100577,312.32,USD,Invoice 100577
100047,Recipient 100047,DE00000000000000100047,510.01,EUR,Invoice 100047
100424,Recipient 100424,DE00000000000000100424,852.48,USD,Invoice 100424
100321,Recipient 100321,DE00000000000000100321,275.03,EUR,Invoice 100321
100950,Recipient 100950,DE00000000000000100950,0.00,USD,Invalid amount 100950
100957,Recipient 100957,DE00000000000000100957,-453.98,USD,Invalid amount 100957
100328,Recipient 100328,DE00000000000000100328,253.22,USD,Invoice 100328
100860,Recipient 100860,DE00000000000000100860,8235.68,USD,Invoice 100860
100933,Recipient 100933,DE00000000000000100933,10563.37,USD,Invoice 100933
100481,Recipient 100481,DE00000000000000100481,14.90,EUR,Invoice 100481
100740,Recipient 100740,DE00000000000000100740,4051.33,EUR,Invoice 100740
100823,Recipient 100823,DE00000000000000100823,8753.36,USD,Invoice 100823
100101,Recipient 100101,DE00000000000000100101,463.16,EUR,Invoice 100101
100902,Recipient 100902,DE00000000000000100902,18559.47,USD,Invoice 100902
100510,Recipient 100510,DE00000000000000100510,51.53,USD,Invoice 100510
100526,Recipient 100526,DE00000000000000100526,526.55,EUR,Invoice 100526
100369,Recipient 100369,DE00000000000000100369,635.14,USD,Invoice 100369
100268,Recipient 100268,DE00000000000000100268,465.56,USD,Invoice 100268
100316,Recipient 100316,DE00000000000000100316,277.22,USD,Invoice 100316
100368,Recipient 100368,DE00000000000000100368,996.94,USD,Invoice 100368
100665,Recipient 100665,DE00000000000000100665,662.26,EUR,Invoice 100665
100547,Recipient 100547,DE00000000000000100547,399.33,EUR,Invoice 100547
100478,Recipient 100478,DE00000000000000100478,860.27,USD,Invoice 100478
100390,Recipient 100390,DE00000000000000100390,551.28,USD,Invoice 100390
100290,Recipient 100290,DE00000000000000100290,465.40,USD,Invoice 100290
100795,Recipient 100795,DE00000000000000100795,5192.49,USD,Invoice 100795
100330,Recipient 100330,DE00000000000000100330,401.30,EUR,Invoice 100330
100566,Recipient 100566,DE00000000000000100566,845.30,EUR,Invoice 100566
100246,Recipient 100246,DE00000000000000100246,436.40,EUR,Invoice 100246
100407,Recipient 100407,DE00000000000000100407,333.10,USD,Invoice 100407
100210,Recipient 100210,DE00000000000000100210,983.94,EUR,Invoice 100210
100721,Recipient 100721,DE00000000000000100721,3170.13,EUR,Invoice 100721
100619,Recipient 100619,DE00000000000000100619,602.79,EUR,Invoice 100619
100713,Recipient 100713,DE00000000000000100713,2685.82,EUR,Invoice 100713
100959,Recipient 100959,DE00000000000000100959,-723.56,USD,Invalid amount 100959
100927,Recipient 100927,DE00000000000000100927,21382.47,USD,Invoice 100927
100980,Recipient 100980,,4687.11,EUR,Missing iban 100980
100765,Recipient 100765,DE00000000000000100765,4582.30,USD,Invoice 100765
100121,Recipient 100121,DE00000000000000100121,579.33,EUR,Invoice 100121
100760,Recipient 100760,DE00000000000000100760,4259.35,EUR,Invoice 100760
100195,Recipient 100195,DE00000000000000100195,421.02,USD,Invoice 100195
100217,Recipient 100217,DE00000000000000100217,176.71,USD,Invoice 100217
100016,Recipient 100016,DE00000000000000100016,97.62,USD,Invoice 100016
100311,Recipient 100311,DE00000000000000100311,352.46,USD,Invoice 100311
100341,Recipient 100341,DE00000000000000100341,947.63,EUR,Invoice 100341
100891,Recipient 100891,DE00000000000000100891,40846.97,EUR,Invoice 100891
100214,Recipient 100214,DE00000000000000100214,148.42,EUR,Invoice 100214
100491,Recipient 100491,DE00000000000000100491,305.06,USD,Invoice 100491
100223,Recipient 100223,DE00000000000000100223,613.03,USD,Invoice 100223
100573,Recipient 100573,DE00000000000000100573,70.52,EUR,Invoice 100573
100992,Recipient 100992,DE00000000000000100992,2880.98,XXX,Invalid currency 100992
100947,Recipient 100947,DE00000000000000100947,0.00,EUR,Invalid amount 100947
100602,Recipient 100602,DE00000000000000100602,576.18,USD,Invoice 100602
100780,Recipient 100780,DE00000000000000100780,9021.98,EUR,Invoice 100780
100824,Recipient 100824,DE00000000000000100824,7607.79,USD,Invoice 100824
100193,Recipient 100193,DE00000000000000100193,326.85,USD,Invoice 100193
100075,Recipient 100075,DE00000000000000100075,265.79,USD,Invoice 100075
100895,Recipient 100895,DE00000000000000100895,21511.58,USD,Invoice 100895
100041,Recipient 100041,DE00000000000000100041,396.23,USD,Invoice 100041
100618,Recipient 100618,DE00000000000000100618,256.71,EUR,Invoice 100618
100620,Recipient 100620,DE00000000000000100620,177.97,USD,Invoice 100620
100690,Recipient 100690,DE00000000000000100690,54.20,USD,Invoice 100690
100387,Recipient 100387,DE00000000000000100387,880.96,USD,Invoice 100387
100275,Recipient 100275,DE00000000000000100275,397.25,EUR,Invoice 100275
100053,Recipient 100053,DE00000000000000100053,529.58,EUR,Invoice 100053
100196,Recipient 100196,DE00000000000000100196,677.63,EUR,Invoice 100196
100850,Recipient 100850,DE00000000000000100850,1661.79,USD,Invoice 100850
100742,Recipient 100742,DE00000000000000100742,4306.12,USD,Invoice 100742
100549,Recipient 100549,DE00000000000000100549,665.44,USD,Invoice 100549
100095,Recipient 100095,DE00000000000000100095,673.68,EUR,Invoice 100095
100380,Recipient 100380,DE00000000000000100380,865.04,EUR,Invoice 100380
100868,Recipient 100868,DE00000000000000100868,9819.07,USD,Invoice 100868
100461,Recipient 100461,DE00000000000000100461,219.78,EUR,Invoice 100461
100945,Recipient 100945,DE00000000000000100945,-160.56,EUR,Invalid amount 100945
100081,Recipient 100081,DE00000000000000100081,64.96,EUR,Invoice 100081
100663,Recipient 100663,DE00000000000000100663,844.58,EUR,Invoice 100663
100339,Recipient 100339,DE00000000000000100339,306.07,EUR,Invoice 100339
100209,Recipient 100209,DE00000000000000100209,25.40,EUR,Invoice 100209
100262,Recipient 100262,DE00000000000000100262,781.44,EUR,Invoice 100262
100249,Recipient 100249,DE00000000000000100249,919.61,EUR,Invoice 100249
100398,Recipient 100398,DE00000000000000100398,457.33,EUR,Invoice 100398
100138,Recipient 100138,DE00000000000000100138,931.81,EUR,Invoice 100138
100543,Recipient 100543,DE00000000000000100543,100.08,EUR,Invoice 100543
100571,Recipient 100571,DE00000000000000100571,7.10,EUR,Invoice 100571
100986,Recipient 100986,DE00000000000000100986,3516.73,GBP,Invalid currency 100986
100423,Recipient 100423,DE00000000000000100423,650.18,USD,Invoice 100423
100576,Recipient 100576,DE00000000000000100576,341.55,USD,Invoice 100576
100060,Recipient 100060,DE00000000000000100060,971.91,EUR,Invoice 100060
100937,Recipient 100937,DE00000000000000100937,13469.51,EUR,Invoice 100937
100475,Recipient 100475,DE00000000000000100475,804.42,USD,Invoice 100475
100826,Recipient 100826,DE00000000000000100826,7845.98,EUR,Invoice 100826
100148,Recipient 100148,DE00000000000000100148,829.51,EUR,Invoice 100148
100725,Recipient 100725,DE00000000000000100725,8473.44,USD,Invoice 100725
100879,Recipient 100879,DE00000000000000100879,4693.39,USD,Invoice 100879
100983,Recipient 100983,DE00000000000000100983,1204.09,GBP,Invalid currency 100983
100231,Recipient 100231,DE00000000000000100231,235.26,USD,Invoice 100231
100870,Recipient 100870,DE00000000000000100870,6372.18,USD,Invoice 100870
100247,Recipient 100247,DE00000000000000100247,389.46,USD,Invoice 100247
100485,Recipient 100485,DE00000000000000100485,472.00,USD,Invoice 100485
100551,Recipient 100551,DE00000000000000100551,68.07,EUR,Invoice 100551
100773,Recipient 100773,DE00000000000000100773,7245.82,USD,Invoice 100773
100189,Recipient 100189,DE00000000000000100189,948.92,USD,Invoice 100189
100386,Recipient 100386,DE00000000000000100386,927.74,USD,Invoice 100386
100308,Recipient 100308,DE00000000000000100308,306.90,USD,Invoice 100308
100153,Recipient 100153,DE00000000000000100153,561.34,EUR,Invoice 100153
100419,Recipient 100419,DE00000000000000100419,16.33,EUR,Invoice 100419
100427,Recipient 100427,DE00000000000000100427,617.84,EUR,Invoice 100427
100714,Recipient 100714,DE00000000000000100714,5711.36,USD,Invoice 100714
100327,Recipient 100327,DE00000000000000100327,185.18,EUR,Invoice 100327
100538,Recipient 100538,DE00000000000000100538,322.79,EUR,Invoice 100538
100805,Recipient 100805,DE00000000000000100805,2126.53,USD,Invoice 100805
100391,Recipient 100391,DE00000000000000100391,94.12,EUR,Invoice 100391
100688,Recipient 100688,DE00000000000000100688,816.88,USD,Invoice 100688
100659,Recipient 100659,DE00000000000000100659,951.21,USD,Invoice 100659
100965,Recipient 100965,,159.64,USD,Missing iban 100965
100353,Recipient 100353,DE00000000000000100353,647.98,USD,Invoice 100353
100049,Recipient 100049,DE00000000000000100049,153.69,EUR,Invoice 100049
100508,Recipient 100508,DE00000000000000100508,92.58,EUR,Invoice 100508
100570,Recipient 100570,DE00000000000000100570,921.61,USD,Invoice 100570
100438,Recipient 100438,DE00000000000000100438,170.81,EUR,Invoice 100438
100696,Recipient 100696,DE00000000000000100696,39.26,USD,Invoice 100696
